1160141,Asia's_Singing_Superstar
1160142,Asia's_Space_Race
1160143,Asia's_fashion_czar
1160144,Asia's_first_brewery
1160145,Asia(band)
1160146,Asia
1160147,Asia
1160148,Asia
1160149,Asia-1
1160150,Asia-2
1160151,Asia-Africa_Conference
1160152,Asia-America_Gateway
1160153,Asia-Asia_Hotel
1160154,Asia-Canada_relations
1160155,Asia-Do
1160156,Asia-Euro_Cup
1160157,Asia-Europe_Foundation
1160158,Asia-Europe_Meeting
1160159,Asia-Europe_Meeting_(ASEM)
1160160,Asia-Europe_Museum_Network
1160161,Asia-Japan_Okinawa_Open
1160162,Asia-Japan_Women's_Resource_Center
1160163,Asia-Japan_women's_resource_center
1160164,Asia-Minor
1160165,Asia-Oceania_Federation_of_Organisations_for_Medical_Physics
1160166,Asia-Oceania_Federation_of_Organizations_for_Medical_Physics
1160167,Asia-Oceania_Korfball_Championship
1160168,Asia-Oceania_Top_University_League_on_Engineering
1160169,Asia-Pac
1160170,Asia-Pacific
1160171,Asia-Pacific_700
1160172,Asia-Pacific_Amateur
1160173,Asia-Pacific_Amateur_Championship
1160174,Asia-Pacific_Broadcasting_Union
1160175,Asia-Pacific_Center_for_Security_Studies
1160176,Asia-Pacific_Centre_for_the_Responsibility_to_Protect
1160177,Asia-Pacific_Council_of_American_Chambers_of_Commerce
1160178,Asia-Pacific_Development_Information_Program
